keyword_set,kw_id,kw_label_en,n_pairs,tp,tn,fp,fn,support_pos,support_neg,precision,recall,f1
c,4,life events,27792,1573,6909,19059,251,1824.0,25968.0,0.07624079100426522,0.862390350877193,0.14009618810117563
c,10,self-performance,27792,396,9256,18008,132,528.0,27264.0,0.021517061508367748,0.75,0.04183393196703994
c,14,relation with reality,27792,3235,6302,17122,1133,4368.0,23424.0,0.15891339588347989,0.7406135531135531,0.26167846309403436
c,17,feelings and moods,27792,2859,7293,17043,597,3456.0,24336.0,0.14365390413023818,0.8272569444444444,0.2447983560236322
c,16,writing,27792,1744,8946,16398,704,2448.0,25344.0,0.09613052585161504,0.7124183006535948,0.16940262263234582
c,15,relation with women,27792,2262,10170,14598,762,3024.0,24768.0,0.13416370106761566,0.748015873015873,0.2275196137598069
c,3,spiritual dimension,27792,506,13608,13560,118,624.0,27168.0,0.035973268875302146,0.8108974358974359,0.06889040163376446
c,5,historical events,27792,1586,12339,13533,334,1920.0,25872.0,0.10490111779879621,0.8260416666666667,0.1861611596924702
c,8,aging,27792,143,14116,13484,49,192.0,27600.0,0.010493872459088574,0.7447916666666666,0.020696142991533398
c,12,relation with men,27792,2847,10563,13341,1041,3888.0,23904.0,0.17587101556708673,0.7322530864197531,0.2836222355050807
c,0,self-determination,27792,1504,12760,12584,944,2448.0,25344.0,0.10675752413401476,0.6143790849673203,0.1819061441702951
c,7,childhood and adolescence,27792,907,14772,11820,293,1200.0,26592.0,0.07126581283884655,0.7558333333333334,0.1302505923745243
c,1,home,27792,430,15748,11420,194,624.0,27168.0,0.036286919831223625,0.6891025641025641,0.06894340227673561
c,13,relation with the natural world,27792,352,16975,10385,80,432.0,27360.0,0.032783831610319454,0.8148148148148148,0.0630316053361984
c,9,meloncholy,27792,714,15958,10250,870,1584.0,26208.0,0.06512221816855163,0.45075757575757575,0.11380299649346509
c,6,family,27792,3768,13046,10234,744,4512.0,23280.0,0.2691044136551921,0.8351063829787234,0.407043318569731
c,2,body,27792,3401,12774,9498,2119,5520.0,22272.0,0.2636638499108458,0.616123188405797,0.3692925783158694
c,11,politics,27792,708,21498,5190,396,1104.0,26688.0,0.12004069175991862,0.6413043478260869,0.20222793487574978
c,18,profession of the actress,27792,6556,11249,4543,5444,12000.0,15792.0,0.5906838453914767,0.5463333333333333,0.5676436209359712
k,85,thought,27792,135,3872,23776,9,144.0,27648.0,0.00564593701643595,0.9375,0.011224277696944502
k,77,experience,27792,123,4325,23323,21,144.0,27648.0,0.005246097415337371,0.8541666666666666,0.010428147520135652
k,188,set,27792,1448,3339,22821,184,1632.0,26160.0,0.0596645926902633,0.8872549019607843,0.1118103548125555
k,218,testimonial,27792,118,5347,22301,26,144.0,27648.0,0.005263392658013293,0.8194444444444444,0.010459602003279705
k,216,evidence,27792,125,5823,21825,19,144.0,27648.0,0.0056947608200455585,0.8680555555555556,0.011315289218792433
k,131,remembering,27792,1361,4595,21661,175,1536.0,26256.0,0.05911736599774129,0.8860677083333334,0.11083964492222494
k,96,conflict as an affirmation of the self,27792,391,6057,21303,41,432.0,27360.0,0.018023416612888355,0.9050925925925926,0.035343035343035345
k,145,to feel,27792,418,6708,20604,62,480.0,27312.0,0.019883931119779277,0.8708333333333333,0.038880104176355686
k,86,being another,27792,324,6966,20442,60,384.0,27408.0,0.015602427044206876,0.84375,0.030638297872340424
k,237,choices,27792,158,7785,19815,34,192.0,27600.0,0.007910679417213238,0.8229166666666666,0.01567071658814778
k,22,conflict,27792,464,7686,19530,112,576.0,27216.0,0.023206962088626586,0.8055555555555556,0.04511424404472532
k,98,reciting,27792,1208,7244,18916,424,1632.0,26160.0,0.06002782746968793,0.7401960784313726,0.11104982533553961
k,202,retrospective life,27792,429,8450,18766,147,576.0,27216.0,0.022349570200573064,0.7447916666666666,0.043396894441353494
k,17,life events,27792,2052,6912,18576,252,2304.0,25488.0,0.09947643979057591,0.890625,0.17896389324960754
k,175,transgression,27792,661,8390,18538,203,864.0,26928.0,0.03442887650398458,0.7650462962962963,0.06589243881772416
k,91,complicity,27792,312,9038,18370,72,384.0,27408.0,0.01670056739107162,0.8125,0.032728417077520194
k,97,personagge,27792,962,8236,18356,238,1200.0,26592.0,0.04979811574697174,0.8016666666666666,0.09377132274100791
k,148,unease,27792,292,9107,18349,44,336.0,27456.0,0.015664395686926666,0.8690476190476191,0.030774094957053272
k,24,criticism,27792,91,9362,18334,5,96.0,27696.0,0.004938941655359566,0.9479166666666666,0.009826683224447925
k,252,irony,27792,80,9406,18290,16,96.0,27696.0,0.004354926510615134,0.8333333333333334,0.008664572728257339
k,196,metamorphosis,27792,150,9440,18160,42,192.0,27600.0,0.008192244675040962,0.78125,0.016214463301264727
k,247,spectator,27792,80,9948,17748,16,96.0,27696.0,0.004487323311644604,0.8333333333333334,0.008926578888640927
k,12,self-performance,27792,750,9131,17653,258,1008.0,26784.0,0.040754224854643264,0.7440476190476191,0.07727577146978518
k,66,autorship,27792,383,9694,17522,193,576.0,27216.0,0.02139067299636973,0.6649305555555556,0.04144797359450246
k,217,resistence,27792,317,10123,17285,67,384.0,27408.0,0.0180093171230542,0.8255208333333334,0.03524963860780607
k,6,feelings and moods,27792,2859,7290,17046,597,3456.0,24336.0,0.1436322532027129,0.8272569444444444,0.2447669192243483
k,163,truth,27792,269,10542,16914,67,336.0,27456.0,0.015655007856602454,0.8005952380952381,0.030709515383298133
k,150,imaginary,27792,236,10634,16870,52,288.0,27504.0,0.013796328773529756,0.8194444444444444,0.02713579395193745
k,3,relation with reality,27792,3610,6153,16743,1286,4896.0,22896.0,0.17736942956812263,0.7373366013071896,0.28595191888787674
k,119,watching,27792,107,11160,16488,37,144.0,27648.0,0.006447725218439289,0.7430555555555556,0.012784515204014576
k,11,writing,27792,1745,8950,16394,703,2448.0,25344.0,0.09620155466122719,0.7128267973856209,0.16952445718171663
k,128,accepting,27792,65,11388,16260,79,144.0,27648.0,0.003981623277182236,0.4513888888888889,0.007893618313194486
k,104,memory,27792,768,10595,16189,240,1008.0,26784.0,0.045291030252992866,0.7619047619047619,0.08549958252156972
k,93,desire and attraction,27792,286,11352,16104,50,336.0,27456.0,0.0174496644295302,0.8511904761904762,0.03419825421499462
k,38,managing your own destiny,27792,610,10876,16100,206,816.0,26976.0,0.036505086774386596,0.7475490196078431,0.06961086385940887
k,208,out of picture,27792,114,11607,15993,78,192.0,27600.0,0.007077668094617247,0.59375,0.013988588256948278
k,251,betrayals,27792,147,11744,15856,45,192.0,27600.0,0.009185777666687496,0.765625,0.01815375115776474
k,30,regret,27792,230,11679,15825,58,288.0,27504.0,0.014325755216443475,0.7986111111111112,0.028146607110077704
k,243,resentment,27792,104,11972,15676,40,144.0,27648.0,0.006590621039290241,0.7222222222222222,0.013062044712383824
k,49,care and looking after,27792,340,11685,15675,92,432.0,27360.0,0.02123009678426475,0.7870370370370371,0.04134492612634522
k,55,authenticity,27792,136,12019,15581,56,192.0,27600.0,0.008653050836673665,0.7083333333333334,0.017097240555660316
k,205,sensoriality,27792,86,12134,15514,58,144.0,27648.0,0.0055128205128205125,0.5972222222222222,0.010924796747967478
k,211,transformation of the body,27792,113,12180,15468,31,144.0,27648.0,0.007252422822668635,0.7847222222222222,0.014372019077901433
k,176,measures,27792,87,12568,15128,9,96.0,27696.0,0.005718041406506736,0.90625,0.011364378551368296
k,199,unhappiness,27792,281,12494,14962,55,336.0,27456.0,0.018434691333726955,0.8363095238095238,0.036074202452018735
k,90,interviews,27792,273,12539,14917,63,336.0,27456.0,0.017972350230414748,0.8125,0.0351668169522092
k,102,imagination,27792,116,12689,14911,76,192.0,27600.0,0.007719438344313569,0.6041666666666666,0.015244102766278994
k,92,anguish,27792,251,12658,14846,37,288.0,27504.0,0.016625819699278004,0.8715277777777778,0.03262918427039324
k,171,screenplay,27792,222,12743,14761,66,288.0,27504.0,0.01481679236467997,0.7708333333333334,0.02907471678344575
k,147,disappointment,27792,315,12633,14727,117,432.0,27360.0,0.020941364180295175,0.7291666666666666,0.040713454827452505
k,73,being a woman,27792,690,12359,14665,78,768.0,27024.0,0.04493650276782807,0.8984375,0.08559201141226819
k,189,seduction,27792,213,12877,14627,75,288.0,27504.0,0.014353099730458221,0.7395833333333334,0.028159703860391332
k,9,relation with man,27792,3825,8528,14608,831,4656.0,23136.0,0.20750827320566376,0.821520618556701,0.3313266057429945
k,191,male gaze,27792,185,12912,14592,103,288.0,27504.0,0.012519455911213373,0.6423611111111112,0.02456023896448722
k,32,physical description,27792,436,12788,14428,140,576.0,27216.0,0.029332615715823466,0.7569444444444444,0.05647668393782383
k,16,relation with women,27792,2503,10461,14355,473,2976.0,24816.0,0.14847550124569936,0.8410618279569892,0.2523948774831098
k,177,psychic suffering,27792,388,12962,14350,92,480.0,27312.0,0.026326502917627902,0.8083333333333333,0.05099224602444474
k,164,vocation,27792,577,12669,14307,239,816.0,26976.0,0.03876646062886321,0.7071078431372549,0.07350318471337579
k,230,time for themself,27792,63,13737,13959,33,96.0,27696.0,0.004492939666238768,0.65625,0.008924776880577986
k,210,couple life,27792,416,13307,13957,112,528.0,27264.0,0.02894315730884297,0.7878787878787878,0.05583517884705724
k,25,writers,27792,408,13473,13743,168,576.0,27216.0,0.02883188467246131,0.7083333333333334,0.055408433489509065
k,129,audition,27792,354,13702,13658,78,432.0,27360.0,0.025264059377676278,0.8194444444444444,0.04901689282747162
k,71,artists,27792,250,13893,13611,38,288.0,27504.0,0.018036216723180145,0.8680555555555556,0.03533818644427168
k,18,spiritual dimension,27792,506,13611,13557,118,624.0,27168.0,0.03598094289980801,0.8108974358974359,0.0689044733437734
k,114,activities in the resistance,27792,245,14080,13424,43,288.0,27504.0,0.017923769112590533,0.8506944444444444,0.03510783119581572
k,95,masculine traits,27792,194,14124,13380,94,288.0,27504.0,0.014292028878738766,0.6736111111111112,0.02799018900591545
k,81,civic and social commitment,27792,523,13639,13337,293,816.0,26976.0,0.03773448773448773,0.6409313725490197,0.07127282638321068
k,183,pygmalion relationship,27792,121,14268,13332,71,192.0,27600.0,0.008994276369582993,0.6302083333333334,0.01773543422499084
k,54,abuse,27792,223,14257,13247,65,288.0,27504.0,0.016555308092056423,0.7743055555555556,0.032417502543974415
k,227,losing,27792,77,14499,13197,19,96.0,27696.0,0.005800813620611722,0.8020833333333334,0.011518324607329843
k,244,sexism,27792,174,14425,13127,66,240.0,27552.0,0.013081723178708368,0.725,0.025699726755778744
k,172,make-up and disguise,27792,393,14236,13076,87,480.0,27312.0,0.029178112703244486,0.81875,0.056348125313642555
k,14,aging,27792,595,13853,13027,317,912.0,26880.0,0.04367934224049332,0.6524122807017544,0.08187697812026973
k,117,self-taught,27792,75,14728,12968,21,96.0,27696.0,0.005750210841064173,0.78125,0.011416393941700282
k,186,trauma,27792,242,14609,12895,46,288.0,27504.0,0.018421252949684098,0.8402777777777778,0.03605214152700186
k,144,sensuality,27792,414,14619,12693,66,480.0,27312.0,0.03158617532616159,0.8625,0.060940604990064026
k,101,anti-diva,27792,173,14873,12631,115,288.0,27504.0,0.013511402686660418,0.6006944444444444,0.02642835319278949
k,70,actors,27792,1077,13949,12547,219,1296.0,26496.0,0.07905167351732237,0.8310185185185185,0.14436997319034853
k,99,mirror,27792,281,14919,12537,55,336.0,27456.0,0.021922296770166952,0.8363095238095238,0.042724646495362624
k,228,monstrosity,27792,120,15082,12518,72,192.0,27600.0,0.009495173286912486,0.625,0.018706157443491817
k,149,concentration,27792,104,15183,12465,40,144.0,27648.0,0.00827432572201448,0.7222222222222222,0.0163612050656808
k,68,stage,27792,433,14944,12368,47,480.0,27312.0,0.03382548238418873,0.9020833333333333,0.065205933288156
k,59,forgetting,27792,216,15345,12207,24,240.0,27552.0,0.01738710456411495,0.9,0.03411513859275054
k,5,historical events,27792,3110,11851,12005,826,3936.0,23856.0,0.20575587165067813,0.7901422764227642,0.3264920476615401
k,51,abandonment,27792,163,15661,11939,29,192.0,27600.0,0.01346884812427698,0.8489583333333334,0.026517000162680986
k,42,daily objects,27792,213,15622,11786,171,384.0,27408.0,0.01775147928994083,0.5546875,0.03440200274569975
k,80,partner,27792,567,15321,11703,201,768.0,27024.0,0.04621026894865526,0.73828125,0.08697653014265992
k,82,relationship with other actresses,27792,1183,14576,11632,401,1584.0,26208.0,0.09231369488880219,0.7468434343434344,0.1643169664560039
k,58,emancipation (from the roles of wife and mother),27792,331,15538,11630,293,624.0,27168.0,0.027673271465596522,0.530448717948718,0.05260230433055225
k,79,art,27792,454,15652,11612,74,528.0,27264.0,0.037626388198242995,0.8598484848484849,0.07209782436080672
k,44,pain,27792,794,15269,11611,118,912.0,26880.0,0.06400644901249496,0.8706140350877193,0.11924607644364346
k,146,legal proceedings,27792,225,15902,11602,63,288.0,27504.0,0.019024266508835715,0.78125,0.03714403631861329
k,225,feeling alone,27792,208,15929,11575,80,288.0,27504.0,0.0176525502843079,0.7222222222222222,0.034462761991549996
k,236,simplicity,27792,39,16150,11546,57,96.0,27696.0,0.0033664220975399223,0.40625,0.00667751048711583
k,193,shame,27792,385,15791,11521,95,480.0,27312.0,0.032336636989753066,0.8020833333333334,0.06216696269982239
k,36,mouth,27792,120,16197,11451,24,144.0,27648.0,0.010370754472387866,0.8333333333333334,0.020486555697823303
k,242,cinematographic gaze,27792,33,16267,11429,63,96.0,27696.0,0.0028790786948176585,0.34375,0.005710330507008133
k,209,slap,27792,336,16141,11267,48,384.0,27408.0,0.02895802809618202,0.875,0.05606073246016518
k,160,anxiety,27792,103,16440,11208,41,144.0,27648.0,0.009106179824949165,0.7152777777777778,0.017983413356612833
k,245,scandals,27792,318,16168,11192,114,432.0,27360.0,0.027628149435273676,0.7361111111111112,0.0532574108189583
k,250,tangentopoli,27792,18,16577,11167,30,48.0,27744.0,0.0016092981671881985,0.375,0.003204842873675777
k,64,literature,27792,183,16420,11132,57,240.0,27552.0,0.016173221387538666,0.7625,0.031674599740372136
k,26,autonomy,27792,673,15465,11127,527,1200.0,26592.0,0.05703389830508475,0.5608333333333333,0.10353846153846154
k,122,ugliness,27792,70,16611,11085,26,96.0,27696.0,0.0062752129090094125,0.7291666666666666,0.012443338369922672
k,45,desire for freedom,27792,457,16038,11082,215,672.0,27120.0,0.03960481844180605,0.6800595238095238,0.07485054459094259
k,8,home,27792,806,15546,11046,394,1200.0,26592.0,0.06800539993250085,0.6716666666666666,0.12350597609561753
k,219,escape,27792,72,16673,11023,24,96.0,27696.0,0.006489409643983777,0.75,0.012867482798677507
k,192,advertising,27792,46,16724,11020,2,48.0,27744.0,0.004156876920296404,0.9583333333333334,0.008277847759582508
k,112,fear,27792,337,16418,10990,47,384.0,27408.0,0.0297519201906948,0.8776041666666666,0.05755272820425241
k,181,equality,27792,65,16776,10920,31,96.0,27696.0,0.005917159763313609,0.6770833333333334,0.011731793159462142
k,155,jealousy,27792,305,16524,10884,79,384.0,27408.0,0.02725891500580928,0.7942708333333334,0.05270889138512055
k,116,contracts,27792,529,16297,10823,143,672.0,27120.0,0.04659971811134602,0.7872023809523809,0.08799068529607453
k,170,inventing,27792,85,16845,10803,59,144.0,27648.0,0.007806759735488611,0.5902777777777778,0.015409717186366932
k,200,travelling,27792,195,16758,10794,45,240.0,27552.0,0.017745017745017744,0.8125,0.034731498797755805
k,20,education,27792,392,16553,10711,136,528.0,27264.0,0.03530577321444655,0.7424242424242424,0.0674060699853839
k,134,producer,27792,853,15991,10697,251,1104.0,26688.0,0.07385281385281385,0.7726449275362319,0.13481902955587166
k,63,analyst,27792,223,16844,10660,65,288.0,27504.0,0.020490673527519987,0.7743055555555556,0.03992480529943604
k,1,childhood and adolescence,27792,2112,14353,10607,720,2832.0,24960.0,0.16605079015645885,0.7457627118644068,0.2716224037039419
k,173,loneliness,27792,195,16874,10582,141,336.0,27456.0,0.018094089264173704,0.5803571428571429,0.03509403401421759
k,4,self-determination,27792,3529,11332,10556,2375,5904.0,21888.0,0.250550230741924,0.597730352303523,0.35309420181099604
k,180,bosom,27792,116,17188,10460,28,144.0,27648.0,0.01096822995461422,0.8055555555555556,0.02164179104477612
k,60,being alone (solitude as an act of self-determination),27792,145,17233,10367,47,192.0,27600.0,0.013793759512937594,0.7552083333333334,0.02709267563527653
k,2,family,27792,3707,13181,10291,613,4320.0,23472.0,0.2648235462208887,0.8581018518518518,0.40473850857080473
k,65,family education,27792,202,17290,10214,86,288.0,27504.0,0.019393241167434717,0.7013888888888888,0.03774289985052317
k,13,relation with the natural world,27792,530,16870,10202,190,720.0,27072.0,0.04938501677226985,0.7361111111111112,0.09256025148445687
k,113,competition,27792,233,17227,10085,247,480.0,27312.0,0.022581895716224074,0.48541666666666666,0.043156140025930725
k,187,dreaming,27792,430,17282,9982,98,528.0,27264.0,0.041298501728774493,0.8143939393939394,0.07861060329067641
k,62,beauty,27792,587,17005,9971,229,816.0,26976.0,0.05559765107027846,0.7193627450980392,0.10321786530684016
k,10,meloncholy,27792,1062,15540,9900,1290,2352.0,25440.0,0.09688013136288999,0.45153061224489793,0.15953132041460116
k,23,fatigue,27792,331,17357,9811,293,624.0,27168.0,0.032636560836126996,0.530448717948718,0.06148987553408879
k,140,sex,27792,490,17423,9697,182,672.0,27120.0,0.04810052027093354,0.7291666666666666,0.09024772078460262
k,47,parents,27792,323,17721,9687,61,384.0,27408.0,0.03226773226773227,0.8411458333333334,0.06215124110063498
k,168,home-haven,27792,69,18058,9638,27,96.0,27696.0,0.0071082723807561555,0.71875,0.014077323268387227
k,56,friendship,27792,349,17747,9565,131,480.0,27312.0,0.03520274359491628,0.7270833333333333,0.06715412738118146
k,226,movement of the sixty-eight,27792,72,18138,9558,24,96.0,27696.0,0.007476635514018692,0.75,0.014805675508945097
k,78,movie,27792,653,17481,9543,115,768.0,27024.0,0.0640447234209494,0.8502604166666666,0.11911711054359723
k,37,childhood home,27792,266,17888,9472,166,432.0,27360.0,0.02731567056890532,0.6157407407407407,0.05231071779744347
k,46,love,27792,451,17802,9462,77,528.0,27264.0,0.04549581357812973,0.8541666666666666,0.08639019251029595
k,142,directors,27792,1519,16192,9440,641,2160.0,25632.0,0.13860753718404964,0.7032407407407407,0.23157252839393247
k,165,comedy,27792,49,18418,9278,47,96.0,27696.0,0.005253564919052214,0.5104166666666666,0.010400084898652235
k,7,body,27792,3660,12592,9248,2292,5952.0,21840.0,0.2835450883173226,0.6149193548387096,0.38812301166489926
k,87,actress by chance,27792,118,18357,9243,74,192.0,27600.0,0.012605490866360432,0.6145833333333334,0.024704281377577724
k,124,writing-freedom,27792,302,18078,9234,178,480.0,27312.0,0.03166946308724832,0.6291666666666667,0.060303514376996804
k,108,anti-fascism,27792,548,17887,9233,124,672.0,27120.0,0.05602699110520397,0.8154761904761905,0.10485028221563189
k,61,eroticism,27792,559,17752,9224,257,816.0,26976.0,0.057139936624757234,0.6850490196078431,0.10548164921218983
k,120,press and television,27792,125,18475,9173,19,144.0,27648.0,0.013443751344375135,0.8680555555555556,0.02647744122008049
k,109,theatrical debut,27792,195,18356,9148,93,288.0,27504.0,0.02087124050090977,0.6770833333333334,0.04049423735852974
k,130,photogenicity,27792,233,18357,9147,55,288.0,27504.0,0.02484008528784648,0.8090277777777778,0.04820024824162184
k,201,household chores,27792,74,18563,9133,22,96.0,27696.0,0.008037362876072554,0.7708333333333334,0.015908846608620877
k,198,spirituality,27792,85,18567,9129,11,96.0,27696.0,0.00922509225092251,0.8854166666666666,0.018259935553168637
k,232,losing home,27792,94,18544,9104,50,144.0,27648.0,0.010219612959338986,0.6527777777777778,0.020124170413187755
k,21,first theatrical experience,27792,272,18366,9042,112,384.0,27408.0,0.02920334979600601,0.7083333333333334,0.05609404000824912
k,179,camera,27792,232,18524,9028,8,240.0,27552.0,0.025053995680345574,0.9666666666666667,0.0488421052631579
k,123,first loves,27792,148,18585,9015,44,192.0,27600.0,0.01615191531157918,0.7708333333333334,0.03164083377872795
k,118,prizes,27792,259,18443,9013,77,336.0,27456.0,0.02793356341673857,0.7708333333333334,0.05391340549542049
k,83,production houses,27792,261,18445,9011,75,336.0,27456.0,0.028149266609145816,0.7767857142857143,0.054329725228975854
k,246,joy,27792,91,18749,8947,5,96.0,27696.0,0.010068599247621155,0.9479166666666666,0.01992555287935187
k,249,nuns,27792,118,18912,8736,26,144.0,27648.0,0.013327309690535352,0.8194444444444444,0.026228050677928428
k,255,anger,27792,89,18962,8734,7,96.0,27696.0,0.010087271902980845,0.9270833333333334,0.01995739432671824
k,154,feminism,27792,295,18589,8723,185,480.0,27312.0,0.03271235307163451,0.6145833333333334,0.062118340703305956
k,215,game,27792,137,18994,8654,7,144.0,27648.0,0.015584120122852917,0.9513888888888888,0.030665920537213204
k,103,breastfeeding,27792,88,19046,8650,8,96.0,27696.0,0.010070954451819639,0.9166666666666666,0.019923024677382842
k,159,faith,27792,146,18984,8616,46,192.0,27600.0,0.016662862360191738,0.7604166666666666,0.032611123520214426
k,48,childhood friends,27792,138,18906,8598,150,288.0,27504.0,0.015796703296703296,0.4791666666666667,0.030585106382978722
k,157,end of the career,27792,93,19054,8594,51,144.0,27648.0,0.010705652123863244,0.6458333333333334,0.02106216736496433
k,132,maternity,27792,653,18438,8490,211,864.0,26928.0,0.07142075905063984,0.7557870370370371,0.13050864394923556
k,94,being a diva,27792,834,17953,8447,558,1392.0,26400.0,0.08986100635707359,0.5991379310344828,0.15628220743933288
k,136,movie industry,27792,615,18610,8414,153,768.0,27024.0,0.06811385535496733,0.80078125,0.1255486373379606
k,234,sisters,27792,165,19181,8323,123,288.0,27504.0,0.019439208294062205,0.5729166666666666,0.03760255241567912
k,110,cinecittà,27792,405,19040,8320,27,432.0,27360.0,0.046418338108882524,0.9375,0.08845691820465218
k,224,second wave feminism,27792,60,19399,8249,84,144.0,27648.0,0.007221085569864003,0.4166666666666667,0.01419614338104815
k,35,love and passion,27792,837,18252,8244,459,1296.0,26496.0,0.09217046580773043,0.6458333333333334,0.16131830008673026
k,40,clothes,27792,419,18990,8226,157,576.0,27216.0,0.048467322151532675,0.7274305555555556,0.09087951415247802
k,174,sexual violence,27792,364,19146,8166,116,480.0,27312.0,0.042672919109026965,0.7583333333333333,0.08079911209766927
k,240,violence,27792,869,18605,8131,187,1056.0,26736.0,0.09655555555555556,0.8229166666666666,0.17283214001591088
k,84,career end,27792,98,19545,8103,46,144.0,27648.0,0.01194976222411901,0.6805555555555556,0.02348711803475135
k,185,marriage,27792,287,19405,8051,49,336.0,27456.0,0.03442072439433917,0.8541666666666666,0.06617477519022366
k,29,cinematographic debut,27792,304,19400,7912,176,480.0,27312.0,0.03700097370983447,0.6333333333333333,0.06991720331186753
k,33,sons and daughters,27792,179,19634,7870,109,288.0,27504.0,0.022238787427009566,0.6215277777777778,0.04294110591339811
k,203,trips,27792,200,19662,7794,136,336.0,27456.0,0.02501876407305479,0.5952380952380952,0.048019207683073224
k,194,fandom,27792,115,19773,7731,173,288.0,27504.0,0.014657150140198827,0.3993055555555556,0.028276370789279567
k,220,jewels,27792,80,20010,7686,16,96.0,27696.0,0.010301313417460727,0.8333333333333334,0.020351055711015007
k,248,eyes,27792,131,20038,7610,13,144.0,27648.0,0.01692287818111355,0.9097222222222222,0.03322764743183259
k,19,theater,27792,1387,18603,7605,197,1584.0,26208.0,0.1542482206405694,0.8756313131313131,0.26229198184568836
k,182,beauty contests,27792,152,20325,7275,40,192.0,27600.0,0.020465867779722632,0.7916666666666666,0.0399002493765586
k,121,making cinema,27792,608,19708,7268,208,816.0,26976.0,0.07719654647028949,0.7450980392156863,0.13989875747814082
k,153,patriarchal education,27792,260,20012,7252,268,528.0,27264.0,0.03461128860489883,0.49242424242424243,0.0646766169154229
k,76,happiness,27792,161,20372,7228,31,192.0,27600.0,0.02178914602787928,0.8385416666666666,0.042474607571560484
k,222,television,27792,48,20556,7188,0,48.0,27744.0,0.006633499170812604,1.0,0.013179571663920923
k,57,naked,27792,227,20330,7126,109,336.0,27456.0,0.030871753025975793,0.6755952380952381,0.059045389517492525
k,135,husband,27792,156,20479,7073,84,240.0,27552.0,0.021579748236270575,0.65,0.041772660329361354
k,43,writing-therapy,27792,243,20314,7046,189,432.0,27360.0,0.03333790643435314,0.5625,0.06294521435047275
k,238,menstruation,27792,115,20691,6957,29,144.0,27648.0,0.01626131221719457,0.7986111111111112,0.03187361419068736
k,127,socks,27792,95,20900,6748,49,144.0,27648.0,0.013882799941546106,0.6597222222222222,0.02719335909546301
k,213,their own birth,27792,136,20959,6641,56,192.0,27600.0,0.02006787664158182,0.7083333333333334,0.03902998995551729
k,52,mother,27792,1889,19011,6573,319,2208.0,25584.0,0.22323327818482627,0.8555253623188406,0.3540768509840675
k,212,health,27792,142,21035,6565,50,192.0,27600.0,0.021171909944833756,0.7395833333333334,0.041165386287867804
k,141,pregnancy,27792,199,21013,6539,41,240.0,27552.0,0.029533986346096764,0.8291666666666667,0.05703640011464603
k,139,divorce,27792,191,21149,6403,49,240.0,27552.0,0.028965726417955716,0.7958333333333333,0.055896985659935616
k,50,eating behaviour disorders,27792,366,20954,6358,114,480.0,27312.0,0.054431885782272454,0.7625,0.10161021654636314
k,151,money as emancipation,27792,234,21122,6334,102,336.0,27456.0,0.0356272838002436,0.6964285714285714,0.06778679026651216
k,137,jet-set,27792,179,20817,6303,493,672.0,27120.0,0.02761493366244986,0.2663690476190476,0.05004193458205199
k,231,feet,27792,88,21395,6301,8,96.0,27696.0,0.013773673501330411,0.9166666666666666,0.027139552814186587
k,162,insomnia,27792,93,21401,6295,3,96.0,27696.0,0.014558547276142768,0.96875,0.028685996298581123
k,53,home-prison,27792,75,21343,6257,117,192.0,27600.0,0.011844598862918509,0.390625,0.02299202942979767
k,195,birth of children,27792,80,21512,6184,16,96.0,27696.0,0.01277139208173691,0.8333333333333334,0.025157232704402514
k,221,grown-up children,27792,38,21574,6122,58,96.0,27696.0,0.006168831168831169,0.3958333333333333,0.012148337595907928
k,254,wedding,27792,126,21711,5937,18,144.0,27648.0,0.02078179119247897,0.875,0.04059932334461092
k,204,island,27792,116,21753,5895,28,144.0,27648.0,0.019297953751455665,0.8055555555555556,0.03769293257514216
k,138,evening dress,27792,43,21914,5830,5,48.0,27744.0,0.007321641409841648,0.8958333333333334,0.014524573551764904
k,152,marriage proposal,27792,149,21777,5823,43,192.0,27600.0,0.02494976557267247,0.7760416666666666,0.048345230369889684
k,39,dressing room,27792,210,21719,5785,78,288.0,27504.0,0.03502919099249374,0.7291666666666666,0.0668470475887315
k,241,suicide,27792,178,21832,5720,62,240.0,27552.0,0.030179721939640556,0.7416666666666667,0.05799934832192897
k,223,father,27792,550,21389,5683,170,720.0,27072.0,0.08824001283491095,0.7638888888888888,0.15820509132748453
k,100,games,27792,75,21997,5603,117,192.0,27600.0,0.013208876364917225,0.390625,0.025553662691652466
k,190,heels,27792,222,22058,5494,18,240.0,27552.0,0.03883834849545136,0.925,0.0745466756212223
k,69,religious education,27792,111,22186,5462,33,144.0,27648.0,0.019917459178180514,0.7708333333333334,0.038831555011369596
k,27,fascism,27792,1112,20634,5430,616,1728.0,26064.0,0.16997859981656985,0.6435185185185185,0.26892382103990325
k,233,radio,27792,85,22341,5355,11,96.0,27696.0,0.015625,0.8854166666666666,0.03070809248554913
k,207,death of dear friends,27792,110,22294,5354,34,144.0,27648.0,0.02013177159590044,0.7638888888888888,0.03922967189728959
k,197,Rome,27792,180,22082,5326,204,384.0,27408.0,0.03269160915365056,0.46875,0.06112054329371817
k,107,Liberation from nazi-fascism,27792,197,22140,5316,139,336.0,27456.0,0.035733720297478684,0.5863095238095238,0.06736194221234398
k,126,school,27792,355,22226,5182,29,384.0,27408.0,0.06411414123171393,0.9244791666666666,0.11991217699712887
k,105,music,27792,137,22539,5109,7,144.0,27648.0,0.02611513534121235,0.9513888888888888,0.05083487940630797
k,161,impossible loves,27792,58,22618,5030,86,144.0,27648.0,0.01139937106918239,0.4027777777777778,0.02217125382262997
k,41,depression,27792,174,22644,4908,66,240.0,27552.0,0.03423848878394333,0.725,0.06538895152198422
k,15,politics,27792,1070,21237,4827,658,1728.0,26064.0,0.1814481939969476,0.6192129629629629,0.28065573770491803
k,229,brothers,27792,135,22783,4817,57,192.0,27600.0,0.027261712439418415,0.703125,0.05248833592534992
k,125,religion,27792,196,22990,4562,44,240.0,27552.0,0.04119377889869693,0.8166666666666667,0.0784313725490196
k,214,death of the husband,27792,67,23154,4542,29,96.0,27696.0,0.014536775873291387,0.6979166666666666,0.028480340063761954
k,235,psychotropic medications,27792,88,23196,4500,8,96.0,27696.0,0.01918047079337402,0.9166666666666666,0.03757472245943638
k,75,silent cinema,27792,146,23128,4424,94,240.0,27552.0,0.03194748358862144,0.6083333333333333,0.0607068607068607
k,88,flowers,27792,63,23325,4371,33,96.0,27696.0,0.014208389715832206,0.65625,0.027814569536423844
k,28,festival,27792,238,23147,4309,98,336.0,27456.0,0.05234220365075874,0.7083333333333334,0.09748105672742169
k,133,sea,27792,114,23380,4268,30,144.0,27648.0,0.02601551802829758,0.7916666666666666,0.05037560760053027
k,156,entry into parliamentary politics,27792,126,23381,4267,18,144.0,27648.0,0.028681994081493283,0.875,0.055543310557637206
k,115,drugs,27792,157,23346,4206,83,240.0,27552.0,0.035984414393765755,0.6541666666666667,0.06821638062133391
k,89,alcohol,27792,57,23580,4116,39,96.0,27696.0,0.013659237958303379,0.59375,0.026704146170063246
k,184,garden,27792,134,23585,4063,10,144.0,27648.0,0.03192756730998332,0.9305555555555556,0.0617369269753513
k,143,death of the mother,27792,303,23513,3943,33,336.0,27456.0,0.07136128120584079,0.9017857142857143,0.13225665648188564
k,158,church,27792,90,23837,3859,6,96.0,27696.0,0.02279057989364396,0.9375,0.044499381953028425
k,0,profession of the actress,27792,7304,10466,3790,6232,13536.0,14256.0,0.6583738957995313,0.539598108747045,0.5930978481526594
k,167,death of the Father,27792,180,23855,3745,12,192.0,27600.0,0.045859872611464965,0.9375,0.08744231236337138
k,31,food,27792,530,23589,3579,94,624.0,27168.0,0.12898515453881723,0.8493589743589743,0.22395943376294106
k,34,bath,27792,58,24150,3546,38,96.0,27696.0,0.01609322974472808,0.6041666666666666,0.03135135135135135
k,106,abortion,27792,192,24308,3196,96,288.0,27504.0,0.05667060212514758,0.6666666666666666,0.10446137105549509
k,67,trees,27792,107,24730,2918,37,144.0,27648.0,0.035371900826446284,0.7430555555555556,0.06752918901861787
k,178,wild animals,27792,104,25062,2586,40,144.0,27648.0,0.038661710037174724,0.7222222222222222,0.07339449541284404
k,169,kitchen,27792,175,25097,2455,65,240.0,27552.0,0.06653992395437262,0.7291666666666666,0.12195121951219513
k,72,pets,27792,161,25208,2344,79,240.0,27552.0,0.06427145708582835,0.6708333333333333,0.11730418943533698
k,239,referendum on divorce,27792,113,25288,2312,79,192.0,27600.0,0.046597938144329894,0.5885416666666666,0.08635842567825755
k,111,second world war,27792,904,23243,2293,1352,2256.0,25536.0,0.28276509227400687,0.40070921985815605,0.3315606088391711
k,74,cosmetic surgery,27792,58,25535,2161,38,96.0,27696.0,0.026137899954934655,0.6041666666666666,0.05010799136069115
k,206,first world war,27792,60,25484,2116,132,192.0,27600.0,0.027573529411764705,0.3125,0.05067567567567568
k,253,referendum on abortion,27792,47,25695,2001,49,96.0,27696.0,0.02294921875,0.4895833333333333,0.043843283582089554
k,166,death of Marilyn Monroe,27792,128,25954,1694,16,144.0,27648.0,0.07025246981339188,0.8888888888888888,0.13021363173957276
